{
    "distance": {
        "m": 1,
        "km": 1000,
        "cm": 0.01,
        "mm": 0.001,
        "mi": 1609.34,
        "yd": 0.9144,
        "ft": 0.3048,
        "in": 0.0254
    },
    "weight": {
        "kg": 1,
        "g": 0.001,
        "mg": 0.000001,
        "lb": 0.453592,
        "oz": 0.0283495
    }
}